Workbook

Sheet Week of Dec 28
A1: Date | B1: Employee | C1: $/hr | D1: Hr | E1: Total | G1: Date | H1: Admin | I1: $/hr | J1: Hr | K1: Total
A2: Jones | G2: Ueltschi
A3: 2026-01-02 | B3: Doug Kinsey | C3: 65 | D3: 8.5 | E3: =C3*D3 | G3: 2026-01-02 | H3: Chris Jacobi | I3: 85 | J3: 6.5 | K3: =I3*J3
E4: =SUM(E3:E3)
A6: Subtotal (Hourly) | E6: 552.5 | G6: Subtotal (Office) | K6: 552.5
A7: Office (Admin) | E7: 552.5
A8: WEEK TOTAL | E8: 1105

Sheet Week of Jan 4
A1: Date | B1: Employee | C1: $/hr | D1: Hr | E1: Total | G1: Date | H1: Admin | I1: $/hr | J1: Hr | K1: Total
A2: Caputo | G2: Davis
A3: 2026-01-09 | B3: Doug Kinsey | C3: 65 | D3: 10 | E3: =C3*D3 | G3: 2026-01-07 | H3: Chris Jacobi | I3: 100 | J3: 8.5 | K3: =I3*J3
E4: =SUM(E3:E3)
G5: Goodrich
A6: Muncey (Maint. Items) | G6: 2026-01-08 | H6: Chris Jacobi | I6: 100 | J6: 9 | K6: =I6*J6
A7: 2026-01-05 | B7: Doug Kinsey | C7: 65 | D7: 10.5 | E7: =C7*D7
E8: =SUM(E7:E7) | G8: Jones
G9: 2026-01-05 | H9: Chris Jacobi | I9: 100 | J9: 9.5 | K9: =I9*J9
A10: Patton
A11: 2026-01-07 | B11: Doug Kinsey | C11: 65 | D11: 8 | E11: =C11*D11 | G11: Lynn
E12: =SUM(E11:E11) | G12: 2026-01-06 | H12: Chris Jacobi | I12: 90 | J12: 7.5 | K12: =I12*J12
A14: Ricca | G14: Total Hours on Insp.
A15: 2026-01-06 | B15: Doug Kinsey | C15: 65 | D15: 10 | E15: =C15*D15 | G15: 2026-01-09 | H15: Chris Jacobi | I15: 100 | J15: 8 | K15: =I15*J15
E16: =SUM(E15:E15)
A18: Welles | G18: Subtotal (Office) | K18: 4175
A19: 2026-01-08 | B19: Doug Kinsey | C19: 65 | D19: 10 | E19: =C19*D19
E20: =SUM(E19:E19)
A22: Subtotal (Hourly) | E22: 3152.5
A23: Office (Admin) | E23: 4175
A24: WEEK TOTAL | E24: 7327.5

Sheet Week of Jan 11
A1: Date | B1: Employee | C1: $/hr | D1: Hr | E1: Total | G1: Date | H1: Admin | I1: $/hr | J1: Hr | K1: Total
A2: Bahin | G2: Funke
A3: 2026-01-14 | B3: Doug Kinsey | C3: 65 | D3: 10.5 | E3: =C3*D3 | G3: 2026-01-14 | H3: Chris Jacobi | I3: 100 | J3: 7 | K3: =I3*J3
E4: =SUM(E3:E3)
G5: Lucas
A6: Hall | G6: 2026-01-13 | H6: Chris Jacobi | I6: 100 | J6: 6.5 | K6: =I6*J6
A7: 2026-01-12 | B7: Doug Kinsey | C7: 65 | D7: 10.5 | E7: =C7*D7
E8: =SUM(E7:E7) | G8: McClure (Maint. Items)
G9: 2026-01-15 | H9: Chris Jacobi | I9: 100 | J9: 7 | K9: =I9*J9
A10: Lucas
A11: 2026-01-16 | B11: Doug Kinsey | C11: 65 | D11: 9 | E11: =C11*D11 | G11: McGill
E12: =SUM(E11:E11) | G12: 2026-01-16 | H12: Chris Jacobi | I12: 90 | J12: 7.5 | K12: =I12*J12
A14: Lynn | G14: Nagel
A15: 2026-01-15 | B15: Doug Kinsey | C15: 65 | D15: 11 | E15: =C15*D15 | G15: 2026-01-12 | H15: Chris Jacobi | I15: 100 | J15: 8.5 | K15: =I15*J15
E16: =SUM(E15:E15)
A18: Patton | G18: Subtotal (Office) | K18: 3575
A19: 2026-01-13 | B19: Doug Kinsey | C19: 65 | D19: 8.5 | E19: =C19*D19
E20: =SUM(E19:E19)
A22: Subtotal (Hourly) | E22: 3217.5
A23: Office (Admin) | E23: 3575
A24: WEEK TOTAL | E24: 6792.5

Sheet Week of Jan 18
A1: Date | B1: Employee | C1: $/hr | D1: Hr | E1: Total | G1: Date | H1: Admin | I1: $/hr | J1: Hr | K1: Total
A2: Bottomley | G2: Knight
A3: 2026-01-22 | B3: Doug Kinsey | C3: 65 | D3: 9 | E3: =C3*D3 | G3: 2026-01-19 | H3: Chris Jacobi | I3: 100 | J3: 9.5 | K3: =I3*J3
E4: =SUM(E3:E3)
G5: McClure
A6: Keevil | G6: 2026-01-20 | H6: Chris Jacobi | I6: 100 | J6: 7 | K6: =I6*J6
A7: 2026-01-19 | B7: Doug Kinsey | C7: 65 | D7: 8 | E7: =C7*D7
E8: =SUM(E7:E7) | G8: McGill
G9: 2026-01-21 | H9: Chris Jacobi | I9: 90 | J9: 7 | K9: =I9*J9
A10: McGill
A11: 2026-01-20 | B11: Doug Kinsey | C11: 65 | D11: 9.5 | E11: =C11*D11 | G11: Moulton
E12: =SUM(E11:E11) | G12: 2026-01-23 | H12: Chris Jacobi | I12: 100 | J12: 8 | K12: =I12*J12
A14: Smith | G14: TOTAL:
A15: 2026-01-21 | B15: Doug Kinsey | C15: 65 | D15: 9 | E15: =C15*D15 | G15: 2026-01-22 | H15: Chris Jacobi | I15: 100 | J15: 6.5 | K15: =I15*J15
E16: =SUM(E15:E15)
A18: Varricchio | G18: Subtotal (Office) | K18: 3730
A19: 2026-01-23 | B19: Doug Kinsey | C19: 65 | D19: 8 | E19: =C19*D19
E20: =SUM(E19:E19)
A22: Subtotal (Hourly) | E22: 2827.5
A23: Office (Admin) | E23: 3730
A24: WEEK TOTAL | E24: 6557.5

Sheet Week of Jan 25
A1: Date | B1: Employee | C1: $/hr | D1: Hr | E1: Total | G1: Date | H1: Admin | I1: $/hr | J1: Hr | K1: Total
A2: Caputo (Maint Items) | G2: Caputo (Insp.)
A3: 2026-01-28 | B3: Doug Kinsey | C3: 65 | D3: 8.5 | E3: =C3*D3 | G3: 2026-01-28 | H3: Chris Jacobi | I3: 100 | J3: 8.5 | K3: =I3*J3
E4: =SUM(E3:E3)
G5: Davis
A6: Funke (Maint Items) | G6: 2026-01-26 | H6: Chris Jacobi | I6: 100 | J6: 6.5 | K6: =I6*J6
A7: 2026-01-27 | B7: Doug Kinsey | C7: 65 | D7: 10.5 | E7: =C7*D7
E8: =SUM(E7:E7) | G8: Hopkins
G9: 2026-01-27 | H9: Chris Jacobi | I9: 100 | J9: 9 | K9: =I9*J9
A10: Lynn
A11: 2026-01-30 | B11: Doug Kinsey | C11: 65 | D11: 8.5 | E11: =C11*D11 | G11: Keevil
E12: =SUM(E11:E11) | G12: 2026-01-29 | H12: Chris Jacobi | I12: 100 | J12: 6 | K12: =I12*J12
A14: McGill | G14: McFarland
A15: 2026-01-26 | B15: Doug Kinsey | C15: 65 | D15: 10.5 | E15: =C15*D15 | G15: 2026-01-30 | H15: Chris Jacobi | I15: 100 | J15: 8 | K15: =I15*J15
E16: =SUM(E15:E15)
A18: TOTAL: | G18: Subtotal (Office) | K18: 3800
A19: 2026-01-29 | B19: Doug Kinsey | C19: 65 | D19: 7.5 | E19: =C19*D19
E20: =SUM(E19:E19)
A22: Subtotal (Hourly) | E22: 2957.5
A23: Office (Admin) | E23: 3800
A24: WEEK TOTAL | E24: 6757.5

Sheet Monthly Summary
A1: Monthly Summary - 2026-01
A3: Week | E3: Total
A4: Week of Dec 28 | E4: ='Week of Dec 28'!E8
A5: Week of Jan 4 | E5: ='Week of Jan 4'!E24
A6: Week of Jan 11 | E6: ='Week of Jan 11'!E24
A7: Week of Jan 18 | E7: ='Week of Jan 18'!E24
A8: Week of Jan 25 | E8: ='Week of Jan 25'!E24
A10: MONTHLY TOTAL | E10: =SUM(E4:E8)
